[
{
  "model": "admin.logentry",
  "pk": 1,
  "fields": {
    "action_time": "2025-06-23T13:56:04.560Z",
    "user": 2,
    "content_type": 10,
    "object_id": "1",
    "object_repr": "Яйцо (шт)",
    "action_flag": 1,
    "change_message": "[{\"added\": {}}]"
  }
},
{
  "model": "admin.logentry",
  "pk": 2,
  "fields": {
    "action_time": "2025-06-23T13:56:10.699Z",
    "user": 2,
    "content_type": 10,
    "object_id": "2",
    "object_repr": "Молоко (мл)",
    "action_flag": 1,
    "change_message": "[{\"added\": {}}]"
  }
},
{
  "model": "admin.logentry",
  "pk": 3,
  "fields": {
    "action_time": "2025-06-23T13:56:16.746Z",
    "user": 2,
    "content_type": 10,
    "object_id": "3",
    "object_repr": "Соль (г)",
    "action_flag": 1,
    "change_message": "[{\"added\": {}}]"
  }
},
{
  "model": "admin.logentry",
  "pk": 4,
  "fields": {
    "action_time": "2025-06-23T13:56:22.698Z",
    "user": 2,
    "content_type": 10,
    "object_id": "4",
    "object_repr": "Гречка (г)",
    "action_flag": 1,
    "change_message": "[{\"added\": {}}]"
  }
},
{
  "model": "admin.logentry",
  "pk": 5,
  "fields": {
    "action_time": "2025-06-23T13:56:28.165Z",
    "user": 2,
    "content_type": 10,
    "object_id": "5",
    "object_repr": "Вода (мл)",
    "action_flag": 1,
    "change_message": "[{\"added\": {}}]"
  }
},
{
  "model": "admin.logentry",
  "pk": 6,
  "fields": {
    "action_time": "2025-06-23T13:56:34.704Z",
    "user": 2,
    "content_type": 10,
    "object_id": "6",
    "object_repr": "Овсяные хлопья (г)",
    "action_flag": 1,
    "change_message": "[{\"added\": {}}]"
  }
},
{
  "model": "admin.logentry",
  "pk": 7,
  "fields": {
    "action_time": "2025-06-23T13:56:42.433Z",
    "user": 2,
    "content_type": 10,
    "object_id": "7",
    "object_repr": "Сахар (г)",
    "action_flag": 1,
    "change_message": "[{\"added\": {}}]"
  }
},
{
  "model": "admin.logentry",
  "pk": 8,
  "fields": {
    "action_time": "2025-06-23T13:56:53.189Z",
    "user": 2,
    "content_type": 10,
    "object_id": "8",
    "object_repr": "Огурцы (г)",
    "action_flag": 1,
    "change_message": "[{\"added\": {}}]"
  }
},
{
  "model": "admin.logentry",
  "pk": 9,
  "fields": {
    "action_time": "2025-06-23T13:56:57.995Z",
    "user": 2,
    "content_type": 10,
    "object_id": "9",
    "object_repr": "Помидоры (г)",
    "action_flag": 1,
    "change_message": "[{\"added\": {}}]"
  }
},
{
  "model": "admin.logentry",
  "pk": 10,
  "fields": {
    "action_time": "2025-06-23T13:57:04.849Z",
    "user": 2,
    "content_type": 10,
    "object_id": "10",
    "object_repr": "Оливковое масло (мл)",
    "action_flag": 1,
    "change_message": "[{\"added\": {}}]"
  }
},
{
  "model": "auth.permission",
  "pk": 1,
  "fields": {
    "name": "Can add log entry",
    "content_type": 1,
    "codename": "add_logentry"
  }
},
{
  "model": "auth.permission",
  "pk": 2,
  "fields": {
    "name": "Can change log entry",
    "content_type": 1,
    "codename": "change_logentry"
  }
},
{
  "model": "auth.permission",
  "pk": 3,
  "fields": {
    "name": "Can delete log entry",
    "content_type": 1,
    "codename": "delete_logentry"
  }
},
{
  "model": "auth.permission",
  "pk": 4,
  "fields": {
    "name": "Can view log entry",
    "content_type": 1,
    "codename": "view_logentry"
  }
},
{
  "model": "auth.permission",
  "pk": 5,
  "fields": {
    "name": "Can add permission",
    "content_type": 2,
    "codename": "add_permission"
  }
},
{
  "model": "auth.permission",
  "pk": 6,
  "fields": {
    "name": "Can change permission",
    "content_type": 2,
    "codename": "change_permission"
  }
},
{
  "model": "auth.permission",
  "pk": 7,
  "fields": {
    "name": "Can delete permission",
    "content_type": 2,
    "codename": "delete_permission"
  }
},
{
  "model": "auth.permission",
  "pk": 8,
  "fields": {
    "name": "Can view permission",
    "content_type": 2,
    "codename": "view_permission"
  }
},
{
  "model": "auth.permission",
  "pk": 9,
  "fields": {
    "name": "Can add group",
    "content_type": 3,
    "codename": "add_group"
  }
},
{
  "model": "auth.permission",
  "pk": 10,
  "fields": {
    "name": "Can change group",
    "content_type": 3,
    "codename": "change_group"
  }
},
{
  "model": "auth.permission",
  "pk": 11,
  "fields": {
    "name": "Can delete group",
    "content_type": 3,
    "codename": "delete_group"
  }
},
{
  "model": "auth.permission",
  "pk": 12,
  "fields": {
    "name": "Can view group",
    "content_type": 3,
    "codename": "view_group"
  }
},
{
  "model": "auth.permission",
  "pk": 13,
  "fields": {
    "name": "Can add content type",
    "content_type": 4,
    "codename": "add_contenttype"
  }
},
{
  "model": "auth.permission",
  "pk": 14,
  "fields": {
    "name": "Can change content type",
    "content_type": 4,
    "codename": "change_contenttype"
  }
},
{
  "model": "auth.permission",
  "pk": 15,
  "fields": {
    "name": "Can delete content type",
    "content_type": 4,
    "codename": "delete_contenttype"
  }
},
{
  "model": "auth.permission",
  "pk": 16,
  "fields": {
    "name": "Can view content type",
    "content_type": 4,
    "codename": "view_contenttype"
  }
},
{
  "model": "auth.permission",
  "pk": 17,
  "fields": {
    "name": "Can add session",
    "content_type": 5,
    "codename": "add_session"
  }
},
{
  "model": "auth.permission",
  "pk": 18,
  "fields": {
    "name": "Can change session",
    "content_type": 5,
    "codename": "change_session"
  }
},
{
  "model": "auth.permission",
  "pk": 19,
  "fields": {
    "name": "Can delete session",
    "content_type": 5,
    "codename": "delete_session"
  }
},
{
  "model": "auth.permission",
  "pk": 20,
  "fields": {
    "name": "Can view session",
    "content_type": 5,
    "codename": "view_session"
  }
},
{
  "model": "auth.permission",
  "pk": 21,
  "fields": {
    "name": "Can add Token",
    "content_type": 6,
    "codename": "add_token"
  }
},
{
  "model": "auth.permission",
  "pk": 22,
  "fields": {
    "name": "Can change Token",
    "content_type": 6,
    "codename": "change_token"
  }
},
{
  "model": "auth.permission",
  "pk": 23,
  "fields": {
    "name": "Can delete Token",
    "content_type": 6,
    "codename": "delete_token"
  }
},
{
  "model": "auth.permission",
  "pk": 24,
  "fields": {
    "name": "Can view Token",
    "content_type": 6,
    "codename": "view_token"
  }
},
{
  "model": "auth.permission",
  "pk": 25,
  "fields": {
    "name": "Can add token",
    "content_type": 7,
    "codename": "add_tokenproxy"
  }
},
{
  "model": "auth.permission",
  "pk": 26,
  "fields": {
    "name": "Can change token",
    "content_type": 7,
    "codename": "change_tokenproxy"
  }
},
{
  "model": "auth.permission",
  "pk": 27,
  "fields": {
    "name": "Can delete token",
    "content_type": 7,
    "codename": "delete_tokenproxy"
  }
},
{
  "model": "auth.permission",
  "pk": 28,
  "fields": {
    "name": "Can view token",
    "content_type": 7,
    "codename": "view_tokenproxy"
  }
},
{
  "model": "auth.permission",
  "pk": 29,
  "fields": {
    "name": "Can add user",
    "content_type": 8,
    "codename": "add_customuser"
  }
},
{
  "model": "auth.permission",
  "pk": 30,
  "fields": {
    "name": "Can change user",
    "content_type": 8,
    "codename": "change_customuser"
  }
},
{
  "model": "auth.permission",
  "pk": 31,
  "fields": {
    "name": "Can delete user",
    "content_type": 8,
    "codename": "delete_customuser"
  }
},
{
  "model": "auth.permission",
  "pk": 32,
  "fields": {
    "name": "Can view user",
    "content_type": 8,
    "codename": "view_customuser"
  }
},
{
  "model": "auth.permission",
  "pk": 33,
  "fields": {
    "name": "Can add любимое",
    "content_type": 9,
    "codename": "add_favorite"
  }
},
{
  "model": "auth.permission",
  "pk": 34,
  "fields": {
    "name": "Can change любимое",
    "content_type": 9,
    "codename": "change_favorite"
  }
},
{
  "model": "auth.permission",
  "pk": 35,
  "fields": {
    "name": "Can delete любимое",
    "content_type": 9,
    "codename": "delete_favorite"
  }
},
{
  "model": "auth.permission",
  "pk": 36,
  "fields": {
    "name": "Can view любимое",
    "content_type": 9,
    "codename": "view_favorite"
  }
},
{
  "model": "auth.permission",
  "pk": 37,
  "fields": {
    "name": "Can add продукт",
    "content_type": 10,
    "codename": "add_ingredient"
  }
},
{
  "model": "auth.permission",
  "pk": 38,
  "fields": {
    "name": "Can change продукт",
    "content_type": 10,
    "codename": "change_ingredient"
  }
},
{
  "model": "auth.permission",
  "pk": 39,
  "fields": {
    "name": "Can delete продукт",
    "content_type": 10,
    "codename": "delete_ingredient"
  }
},
{
  "model": "auth.permission",
  "pk": 40,
  "fields": {
    "name": "Can view продукт",
    "content_type": 10,
    "codename": "view_ingredient"
  }
},
{
  "model": "auth.permission",
  "pk": 41,
  "fields": {
    "name": "Can add рецепт",
    "content_type": 11,
    "codename": "add_recipe"
  }
},
{
  "model": "auth.permission",
  "pk": 42,
  "fields": {
    "name": "Can change рецепт",
    "content_type": 11,
    "codename": "change_recipe"
  }
},
{
  "model": "auth.permission",
  "pk": 43,
  "fields": {
    "name": "Can delete рецепт",
    "content_type": 11,
    "codename": "delete_recipe"
  }
},
{
  "model": "auth.permission",
  "pk": 44,
  "fields": {
    "name": "Can view рецепт",
    "content_type": 11,
    "codename": "view_recipe"
  }
},
{
  "model": "auth.permission",
  "pk": 45,
  "fields": {
    "name": "Can add подписка",
    "content_type": 12,
    "codename": "add_subscription"
  }
},
{
  "model": "auth.permission",
  "pk": 46,
  "fields": {
    "name": "Can change подписка",
    "content_type": 12,
    "codename": "change_subscription"
  }
},
{
  "model": "auth.permission",
  "pk": 47,
  "fields": {
    "name": "Can delete подписка",
    "content_type": 12,
    "codename": "delete_subscription"
  }
},
{
  "model": "auth.permission",
  "pk": 48,
  "fields": {
    "name": "Can view подписка",
    "content_type": 12,
    "codename": "view_subscription"
  }
},
{
  "model": "auth.permission",
  "pk": 49,
  "fields": {
    "name": "Can add корзина",
    "content_type": 13,
    "codename": "add_shoppingcart"
  }
},
{
  "model": "auth.permission",
  "pk": 50,
  "fields": {
    "name": "Can change корзина",
    "content_type": 13,
    "codename": "change_shoppingcart"
  }
},
{
  "model": "auth.permission",
  "pk": 51,
  "fields": {
    "name": "Can delete корзина",
    "content_type": 13,
    "codename": "delete_shoppingcart"
  }
},
{
  "model": "auth.permission",
  "pk": 52,
  "fields": {
    "name": "Can view корзина",
    "content_type": 13,
    "codename": "view_shoppingcart"
  }
},
{
  "model": "auth.permission",
  "pk": 53,
  "fields": {
    "name": "Can add связь рецепта с продуктом",
    "content_type": 14,
    "codename": "add_recipeingredient"
  }
},
{
  "model": "auth.permission",
  "pk": 54,
  "fields": {
    "name": "Can change связь рецепта с продуктом",
    "content_type": 14,
    "codename": "change_recipeingredient"
  }
},
{
  "model": "auth.permission",
  "pk": 55,
  "fields": {
    "name": "Can delete связь рецепта с продуктом",
    "content_type": 14,
    "codename": "delete_recipeingredient"
  }
},
{
  "model": "auth.permission",
  "pk": 56,
  "fields": {
    "name": "Can view связь рецепта с продуктом",
    "content_type": 14,
    "codename": "view_recipeingredient"
  }
},
{
  "model": "contenttypes.contenttype",
  "pk": 1,
  "fields": {
    "app_label": "admin",
    "model": "logentry"
  }
},
{
  "model": "contenttypes.contenttype",
  "pk": 2,
  "fields": {
    "app_label": "auth",
    "model": "permission"
  }
},
{
  "model": "contenttypes.contenttype",
  "pk": 3,
  "fields": {
    "app_label": "auth",
    "model": "group"
  }
},
{
  "model": "contenttypes.contenttype",
  "pk": 4,
  "fields": {
    "app_label": "contenttypes",
    "model": "contenttype"
  }
},
{
  "model": "contenttypes.contenttype",
  "pk": 5,
  "fields": {
    "app_label": "sessions",
    "model": "session"
  }
},
{
  "model": "contenttypes.contenttype",
  "pk": 6,
  "fields": {
    "app_label": "authtoken",
    "model": "token"
  }
},
{
  "model": "contenttypes.contenttype",
  "pk": 7,
  "fields": {
    "app_label": "authtoken",
    "model": "tokenproxy"
  }
},
{
  "model": "contenttypes.contenttype",
  "pk": 8,
  "fields": {
    "app_label": "recipes",
    "model": "customuser"
  }
},
{
  "model": "contenttypes.contenttype",
  "pk": 9,
  "fields": {
    "app_label": "recipes",
    "model": "favorite"
  }
},
{
  "model": "contenttypes.contenttype",
  "pk": 10,
  "fields": {
    "app_label": "recipes",
    "model": "ingredient"
  }
},
{
  "model": "contenttypes.contenttype",
  "pk": 11,
  "fields": {
    "app_label": "recipes",
    "model": "recipe"
  }
},
{
  "model": "contenttypes.contenttype",
  "pk": 12,
  "fields": {
    "app_label": "recipes",
    "model": "subscription"
  }
},
{
  "model": "contenttypes.contenttype",
  "pk": 13,
  "fields": {
    "app_label": "recipes",
    "model": "shoppingcart"
  }
},
{
  "model": "contenttypes.contenttype",
  "pk": 14,
  "fields": {
    "app_label": "recipes",
    "model": "recipeingredient"
  }
},
{
  "model": "sessions.session",
  "pk": "0mg2itljln5ajzo5geyx32uctzmv6y38",
  "fields": {
    "session_data": ".eJxVjDEOAiEQRe9CbQgCA2Jp7xnIwAyyaiBZdivj3XWTLbT9773_EhHXpcZ18BwnEmehxeF3S5gf3DZAd2y3LnNvyzwluSlyp0NeO_Hzsrt_BxVH_daW6aT10Wgq4Bgt64CgbPCogsmuYCqEwRM5BkCbdDIeHUHyFhhUEe8P7qI4ZA:1uThe5:rg4GQ6DLcAxcZvv0aHW1eXLzfGDkkJTmY0sZas8NrWo",
    "expire_date": "2025-07-07T13:55:37.292Z"
  }
},
{
  "model": "recipes.customuser",
  "pk": 1,
  "fields": {
    "password": "pbkdf2_sha256$260000$hPxtHo7gpyrEaiy6d7X1Jk$iY3OouTl1Hus73WH9L0O0Y1RyZAVDXLjJHR+epEr2tE=",
    "last_login": "2025-06-23T14:09:35.822Z",
    "is_superuser": false,
    "is_staff": false,
    "is_active": true,
    "date_joined": "2025-06-23T13:53:29.526Z",
    "username": "iivanov",
    "email": "iivanov@example.com",
    "first_name": "Иван",
    "last_name": "Иванов",
    "avatar": "users/73144192-f61e-4db6-a064-6d4b29c20cd0.png",
    "groups": [],
    "user_permissions": []
  }
},
{
  "model": "recipes.customuser",
  "pk": 2,
  "fields": {
    "password": "pbkdf2_sha256$260000$w83nxm5shw01Yt7Oj134tR$bmGObiigj+mFLJ2ehX7oaKbCbiR4kkBSZpPMp56ZROs=",
    "last_login": "2025-06-23T14:02:45.307Z",
    "is_superuser": true,
    "is_staff": true,
    "is_active": true,
    "date_joined": "2025-06-23T13:55:25.737Z",
    "username": "admin",
    "email": "admin@example.com",
    "first_name": "Админ",
    "last_name": "Админов",
    "avatar": "users/46590d75-78f5-465b-a47d-f646aeb7e04a.png",
    "groups": [],
    "user_permissions": []
  }
},
{
  "model": "recipes.recipe",
  "pk": 1,
  "fields": {
    "author": 1,
    "name": "Омлет",
    "image": "recipes/images/8bff5534-51c8-426d-842a-ce9c605aacef.jpg",
    "text": "Взбить яйца с молоком и солью, вылить на сковороду, жарить до готовности.",
    "cooking_time": 5,
    "created_at": "2025-06-23T14:00:20.332Z"
  }
},
{
  "model": "recipes.recipe",
  "pk": 2,
  "fields": {
    "author": 1,
    "name": "Гречневая каша",
    "image": "recipes/images/1e4ad6fb-2a20-4e61-b3e2-0173991fa336.jpg",
    "text": "Промыть гречку, залить водой, добавить соль. Варить на медленном огне до готовности.",
    "cooking_time": 20,
    "created_at": "2025-06-23T14:02:04.342Z"
  }
},
{
  "model": "recipes.recipe",
  "pk": 3,
  "fields": {
    "author": 2,
    "name": "Овсянка на молоке",
    "image": "recipes/images/dfe6e6a9-f4b7-47b1-8262-e6a44b3a5514.jpg",
    "text": "Классическая овсянка - варим хлопья на молоке, добавляем сахар и щепотку соли",
    "cooking_time": 7,
    "created_at": "2025-06-23T14:06:45.228Z"
  }
},
{
  "model": "recipes.recipe",
  "pk": 4,
  "fields": {
    "author": 2,
    "name": "Салат из огурцов и помидоров",
    "image": "recipes/images/2af0a4d7-2b3e-4dc8-80c0-5db0750685b5.jpg",
    "text": "Нарезаем овощи, заправляем оливковым маслом и солью.",
    "cooking_time": 10,
    "created_at": "2025-06-23T14:08:11.785Z"
  }
},
{
  "model": "recipes.ingredient",
  "pk": 1,
  "fields": {
    "name": "Яйцо",
    "measurement_unit": "шт"
  }
},
{
  "model": "recipes.ingredient",
  "pk": 2,
  "fields": {
    "name": "Молоко",
    "measurement_unit": "мл"
  }
},
{
  "model": "recipes.ingredient",
  "pk": 3,
  "fields": {
    "name": "Соль",
    "measurement_unit": "г"
  }
},
{
  "model": "recipes.ingredient",
  "pk": 4,
  "fields": {
    "name": "Гречка",
    "measurement_unit": "г"
  }
},
{
  "model": "recipes.ingredient",
  "pk": 5,
  "fields": {
    "name": "Вода",
    "measurement_unit": "мл"
  }
},
{
  "model": "recipes.ingredient",
  "pk": 6,
  "fields": {
    "name": "Овсяные хлопья",
    "measurement_unit": "г"
  }
},
{
  "model": "recipes.ingredient",
  "pk": 7,
  "fields": {
    "name": "Сахар",
    "measurement_unit": "г"
  }
},
{
  "model": "recipes.ingredient",
  "pk": 8,
  "fields": {
    "name": "Огурцы",
    "measurement_unit": "г"
  }
},
{
  "model": "recipes.ingredient",
  "pk": 9,
  "fields": {
    "name": "Помидоры",
    "measurement_unit": "г"
  }
},
{
  "model": "recipes.ingredient",
  "pk": 10,
  "fields": {
    "name": "Оливковое масло",
    "measurement_unit": "мл"
  }
},
{
  "model": "recipes.recipeingredient",
  "pk": 1,
  "fields": {
    "recipe": 1,
    "ingredient": 1,
    "amount": 2
  }
},
{
  "model": "recipes.recipeingredient",
  "pk": 2,
  "fields": {
    "recipe": 1,
    "ingredient": 2,
    "amount": 50
  }
},
{
  "model": "recipes.recipeingredient",
  "pk": 3,
  "fields": {
    "recipe": 1,
    "ingredient": 3,
    "amount": 2
  }
},
{
  "model": "recipes.recipeingredient",
  "pk": 4,
  "fields": {
    "recipe": 2,
    "ingredient": 4,
    "amount": 100
  }
},
{
  "model": "recipes.recipeingredient",
  "pk": 5,
  "fields": {
    "recipe": 2,
    "ingredient": 5,
    "amount": 200
  }
},
{
  "model": "recipes.recipeingredient",
  "pk": 6,
  "fields": {
    "recipe": 2,
    "ingredient": 3,
    "amount": 3
  }
},
{
  "model": "recipes.recipeingredient",
  "pk": 7,
  "fields": {
    "recipe": 3,
    "ingredient": 6,
    "amount": 50
  }
},
{
  "model": "recipes.recipeingredient",
  "pk": 8,
  "fields": {
    "recipe": 3,
    "ingredient": 2,
    "amount": 200
  }
},
{
  "model": "recipes.recipeingredient",
  "pk": 9,
  "fields": {
    "recipe": 3,
    "ingredient": 7,
    "amount": 10
  }
},
{
  "model": "recipes.recipeingredient",
  "pk": 10,
  "fields": {
    "recipe": 3,
    "ingredient": 3,
    "amount": 3
  }
},
{
  "model": "recipes.recipeingredient",
  "pk": 11,
  "fields": {
    "recipe": 4,
    "ingredient": 8,
    "amount": 100
  }
},
{
  "model": "recipes.recipeingredient",
  "pk": 12,
  "fields": {
    "recipe": 4,
    "ingredient": 9,
    "amount": 150
  }
},
{
  "model": "recipes.recipeingredient",
  "pk": 13,
  "fields": {
    "recipe": 4,
    "ingredient": 3,
    "amount": 5
  }
},
{
  "model": "recipes.recipeingredient",
  "pk": 14,
  "fields": {
    "recipe": 4,
    "ingredient": 10,
    "amount": 10
  }
},
{
  "model": "recipes.favorite",
  "pk": 1,
  "fields": {
    "user": 2,
    "recipe": 2
  }
},
{
  "model": "recipes.favorite",
  "pk": 2,
  "fields": {
    "user": 2,
    "recipe": 4
  }
},
{
  "model": "recipes.favorite",
  "pk": 3,
  "fields": {
    "user": 1,
    "recipe": 4
  }
},
{
  "model": "recipes.favorite",
  "pk": 4,
  "fields": {
    "user": 1,
    "recipe": 3
  }
},
{
  "model": "recipes.shoppingcart",
  "pk": 1,
  "fields": {
    "user": 2,
    "recipe": 3
  }
},
{
  "model": "recipes.shoppingcart",
  "pk": 2,
  "fields": {
    "user": 2,
    "recipe": 1
  }
},
{
  "model": "recipes.shoppingcart",
  "pk": 3,
  "fields": {
    "user": 1,
    "recipe": 4
  }
},
{
  "model": "recipes.shoppingcart",
  "pk": 4,
  "fields": {
    "user": 1,
    "recipe": 3
  }
},
{
  "model": "recipes.shoppingcart",
  "pk": 5,
  "fields": {
    "user": 1,
    "recipe": 2
  }
},
{
  "model": "recipes.shoppingcart",
  "pk": 6,
  "fields": {
    "user": 1,
    "recipe": 1
  }
}
]
